,precision,recall,f1-score,support
Experimental,0.9391304347826087,0.935064935064935,0.9370932754880694,462.0
Quasi-experimental,0.9789244186046512,0.9775036284470247,0.9782135076252724,1378.0
micro avg,0.9689542483660131,0.9668478260869565,0.9678998911860718,1840.0
macro avg,0.95902742669363,0.9562842817559798,0.957653391556671,1840.0
weighted avg,0.9689326683188992,0.9668478260869565,0.9678887536864745,1840.0
